"DESCRIPTION","DURATION IN MS","NAME","PARENT SUITE","START TIME","STATUS","STOP TIME","SUB SUITE","SUITE","TEST CLASS","TEST METHOD"
"","1562","Resizeable Free","chromium","2026-09-13","passed","2026-09-13","Test Suite : Resizeable","interactions/resizeable.spec.js","",""
"","2994","Web Tables","chromium","2026-09-13","passed","2026-09-13","Elements Suite: Web Tables","Elements_demoQa/web_tables.spec.js","",""
"","1528","Text Box Test","chromium","2026-09-13","passed","2026-09-13","Elements Suite: Text_Box","Elements_demoQa/text_box.spec.js","",""
"","4682","Revert Droppable","chromium","2026-09-13","passed","2026-09-13","Test Suite : Droppable","interactions/droppable.spec.js","",""
"","1756","Selectable","chromium","2026-09-13","passed","2026-09-13","Test Suite : Selectable","interactions/selectable.spec.js","",""
"","2460","test","chromium","2026-09-13","passed","2026-09-13","Test Suite : Accordian","widgets_/accordian.spec.js","",""
"","1857","Browser Windows : New Tab","chromium","2026-09-13","passed","2026-09-13","ALerts, Frame & Windows => Test suite","alerts_frame_windows/browser_windows.spec.js","",""
"","7526","Dynamic Properties Functionality","chromium","2026-09-13","passed","2026-09-13","Elements Suite: Dynamic Properties Functionality","Elements_demoQa/dynamic_properties.spec.js","",""
"","1653","All Button Functionalities Combined","chromium","2026-09-13","passed","2026-09-13","Elements Suite: Buttons Functionality","Elements_demoQa/buttons.spec.js","",""
"","2142","Valid Link","chromium","2026-09-13","passed","2026-09-13","Elements Suite: Links Functionality","Elements_demoQa/broken_links_images.spec.js","",""
"","1499","Prompt Box Alert","chromium","2026-09-13","passed","2026-09-13","Alerts => Test Suite","alerts_frame_windows/alerts.spec.js","",""
"","1637","Browser Windows : New Window","chromium","2026-09-13","passed","2026-09-13","ALerts, Frame & Windows => Test suite","alerts_frame_windows/browser_windows.spec.js","",""
"","1641","Nested Frames","chromium","2026-09-13","passed","2026-09-13","Test suite : Nested Frames","alerts_frame_windows/nested_frames.spec.js","",""
"","2997","Modal Dialogs","chromium","2026-09-13","passed","2026-09-13","Test suite : Modal Dialogs","alerts_frame_windows/modal_dialogs.spec.js","",""
"","5555","Links Functionality","chromium","2026-09-13","passed","2026-09-13","Elements Suite: Links Functionality","Elements_demoQa/links.spec.js","",""
"","2290","Test case","chromium","2026-09-13","passed","2026-09-13","Test suite : Date Picker","widgets_/date_picker.spec.js","",""
"","1537","Resizeable","chromium","2026-09-13","passed","2026-09-13","Test Suite : Resizeable","interactions/resizeable.spec.js","",""
"","1611","Browser Windows : New Window Message","chromium","2026-09-13","passed","2026-09-13","ALerts, Frame & Windows => Test suite","alerts_frame_windows/browser_windows.spec.js","",""
"","6826","Prevent Propogation Droppable","chromium","2026-09-13","failed","2026-09-13","Test Suite : Droppable","interactions/droppable.spec.js","",""
"","2094","Frames","chromium","2026-09-13","passed","2026-09-13","Test suite : Frames","alerts_frame_windows/frames.spec.js","",""
"","4700","Simple Droppable","chromium","2026-09-13","passed","2026-09-13","Test Suite : Droppable","interactions/droppable.spec.js","",""
"","1664","Single Color","chromium","2026-09-13","passed","2026-09-13","Test suite : Auto Complete","widgets_/auto_complete.spec.js","",""
"","3649","Axis Restricted Draggable","chromium","2026-09-13","passed","2026-09-13","Test Suite : Draggablr","interactions/dragabble.spec.js","",""
"","1694","Tabs","chromium","2026-09-13","passed","2026-09-13","Test Suite : Tabs","widgets_/tabs.spec.js","",""
"","1573","Radio Button Test","chromium","2026-09-13","passed","2026-09-13","Elements Suite: Radio Button Tests","Elements_demoQa/radio_button.spec.js","",""
"","2057","Sortable Grid","chromium","2026-09-13","passed","2026-09-13","Test Suite : Sortable","interactions/sortable.spec.js","",""
"","1442","Slider","chromium","2026-09-13","passed","2026-09-13","Test suite : Slider","widgets_/slider.spec.js","",""
"","1917","Broken Link","chromium","2026-09-13","passed","2026-09-13","Elements Suite: Links Functionality","Elements_demoQa/broken_links_images.spec.js","",""
"","1605","Confirm Alert","chromium","2026-09-13","passed","2026-09-13","Alerts => Test Suite","alerts_frame_windows/alerts.spec.js","",""
"","3526","Container Restricted Draggable","chromium","2026-09-13","passed","2026-09-13","Test Suite : Draggablr","interactions/dragabble.spec.js","",""
"","6663","Select Menu","chromium","2026-09-13","failed","2026-09-13","Test Suite : Select Menu","widgets_/select_menu.spec.js","",""
"","1667","Simple Alert","chromium","2026-09-13","passed","2026-09-13","Alerts => Test Suite","alerts_frame_windows/alerts.spec.js","",""
"","17487","Accept Droppable","chromium","2026-09-13","failed","2026-09-13","Test Suite : Droppable","interactions/droppable.spec.js","",""
"","3478","Cursor Style Draggable","chromium","2026-09-13","passed","2026-09-13","Test Suite : Draggablr","interactions/dragabble.spec.js","",""
"","1585","Upload and Download Functionality","chromium","2026-09-13","passed","2026-09-13","Elements Suite: Upload and Download Functionality","Elements_demoQa/upload_download.spec.js","",""
"","7067","Tool Tips","chromium","2026-09-13","failed","2026-09-13","Test Suite : Tool Tips","widgets_/tool_tips.spec.js","",""
"","2185","Student Registration Form","chromium","2026-09-13","passed","2026-09-13","Elements Suite => Form","Form_Application/form_application.spec.js","",""
"","1550","Valid Image - Broken Image Tests","chromium","2026-09-13","failed","2026-09-13","Elements Suite: Links Functionality","Elements_demoQa/broken_links_images.spec.js","",""
"","1830","Menu","chromium","2026-09-13","passed","2026-09-13","Test suite : Menu","widgets_/menu.spec.js","",""
"","1551","Timer Alert","chromium","2026-09-13","passed","2026-09-13","Alerts => Test Suite","alerts_frame_windows/alerts.spec.js","",""
"","3617","Simple Draggable","chromium","2026-09-13","passed","2026-09-13","Test Suite : Draggablr","interactions/dragabble.spec.js","",""
"","16679","Expand checkbox tree","chromium","2026-09-13","failed","2026-09-13","Elements Suite: Check_Box","Elements_demoQa/check_box.spec.js","",""
"","6843","Multiple Color","chromium","2026-09-13","failed","2026-09-13","Test suite : Auto Complete","widgets_/auto_complete.spec.js","",""
"","1688","Sortable List","chromium","2026-09-13","passed","2026-09-13","Test Suite : Sortable","interactions/sortable.spec.js","",""
"","6535","Test case","chromium","2026-09-13","passed","2026-09-13","Test suite","widgets_/progress_bar.spec.js","",""
